[
  {
    "id": 1,
    "name": "Full-Face Helmet",
    "category": "Helmet",
    "price": 120,
    "imageUrl": "assets/accessories/helmet1.jpg"
  },
  {
    "id": 2,
    "name": "Riding Gloves",
    "category": "Gloves",
    "price": 50,
    "imageUrl": "assets/accessories/gloves.jpg"
  },
  {
    "id": 3,
    "name": "Racing Jacket",
    "category": "Jacket",
    "price": 200,
    "imageUrl": "assets/accessories/jacket.jpg"
  },
  {
    "id": 4,
    "name": "Bike Cover",
    "category": "Protection",
    "price": 30,
    "imageUrl": "assets/accessories/cover.jpg"
  },
  {
    "id": 5,
    "name": "LED Headlights",
    "category": "Lights",
    "price": 90,
    "imageUrl": "assets/accessories/headlights.jpg"
  },
  {
    "id": 6,
    "name": "Modular Helmet",
    "category": "Helmet",
    "price": 140,
    "imageUrl": "assets/accessories/helmet2.jpg"
  },
  {
    "id": 7,
    "name": "Leather Riding Gloves",
    "category": "Gloves",
    "price": 60,
    "imageUrl": "assets/accessories/leather_gloves.jpg"
  },
  {
    "id": 8,
    "name": "Winter Riding Jacket",
    "category": "Jacket",
    "price": 220,
    "imageUrl": "assets/accessories/winter_jacket.jpg"
  },
  {
    "id": 9,
    "name": "Bike Alarm System",
    "category": "Security",
    "price": 80,
    "imageUrl": "assets/accessories/alarm.jpg"
  },
  {
    "id": 10,
    "name": "Fog Lights",
    "category": "Lights",
    "price": 100,
    "imageUrl": "assets/accessories/fog_lights.jpg"
  },
  {
    "id": 11,
    "name": "Off-Road Helmet",
    "category": "Helmet",
    "price": 160,
    "imageUrl": "assets/accessories/helmet3.jpg"
  },
  {
    "id": 12,
    "name": "Mesh Riding Gloves",
    "category": "Gloves",
    "price": 45,
    "imageUrl": "assets/accessories/mesh_gloves.jpg"
  },
  {
    "id": 13,
    "name": "Waterproof Riding Jacket",
    "category": "Jacket",
    "price": 250,
    "imageUrl": "assets/accessories/waterproof_jacket.jpg"
  },
  {
    "id": 14,
    "name": "Motorcycle Panniers",
    "category": "Storage",
    "price": 300,
    "imageUrl": "assets/accessories/panniers.jpg"
  },
  {
    "id": 15,
    "name": "Rearview Camera",
    "category": "Safety",
    "price": 150,
    "imageUrl": "assets/accessories/rearview_camera.jpg"
  },
  {
    "id": 16,
    "name": "Half Helmet",
    "category": "Helmet",
    "price": 100,
    "imageUrl": "assets/accessories/half_helmet.jpg"
  },
  {
    "id": 17,
    "name": "Knee Guards",
    "category": "Protection",
    "price": 80,
    "imageUrl": "assets/accessories/knee_guards.jpg"
  },
  {
    "id": 18,
    "name": "Reflective Vest",
    "category": "Safety",
    "price": 25,
    "imageUrl": "assets/accessories/reflective_vest.jpg"
  },
  {
    "id": 19,
    "name": "Bluetooth Helmet Intercom",
    "category": "Electronics",
    "price": 180,
    "imageUrl": "assets/accessories/intercom.jpg"
  },
  {
    "id": 20,
    "name": "Motorcycle Tool Kit",
    "category": "Maintenance",
    "price": 70,
    "imageUrl": "assets/accessories/tool_kit.jpg"
  },
  {
    "id": 21,
    "name": "Riding Boots",
    "category": "Footwear",
    "price": 150,
    "imageUrl": "assets/accessories/riding_boots.jpg"
  },
  {
    "id": 22,
    "name": "Motorcycle Tank Bag",
    "category": "Storage",
    "price": 90,
    "imageUrl": "assets/accessories/tank_bag.jpg"
  },
  {
    "id": 23,
    "name": "GPS Navigation Mount",
    "category": "Accessories",
    "price": 50,
    "imageUrl": "assets/accessories/gps_mount.jpg"
  },
  {
    "id": 24,
    "name": "Crash Guard",
    "category": "Protection",
    "price": 130,
    "imageUrl": "assets/accessories/crash_guard.jpg"
  },
  {
    "id": 25,
    "name": "Motorcycle Air Filter",
    "category": "Performance",
    "price": 60,
    "imageUrl": "assets/accessories/air_filter.jpg"
  },
  {
    "id": 26,
    "name": "Handlebar Risers",
    "category": "Accessories",
    "price": 40,
    "imageUrl": "assets/accessories/handlebar_risers.jpg"
  },
  {
    "id": 27,
    "name": "Motorcycle Chain Lube",
    "category": "Maintenance",
    "price": 15,
    "imageUrl": "assets/accessories/chain_lube.jpg"
  },
  {
    "id": 28,
    "name": "Wireless Phone Charger Mount",
    "category": "Electronics",
    "price": 110,
    "imageUrl": "assets/accessories/phone_charger.jpg"
  },
  {
    "id": 29,
    "name": "High-Performance Brake Pads",
    "category": "Performance",
    "price": 75,
    "imageUrl": "assets/accessories/brake_pads.jpg"
  },
  {
    "id": 30,
    "name": "Motorcycle Cover with Lock",
    "category": "Protection",
    "price": 50,
    "imageUrl": "assets/accessories/cover_lock.jpg"
  },
  {
    "id": 31,
    "name": "Saddle Bags",
    "category": "Storage",
    "price": 250,
    "imageUrl": "assets/accessories/saddle_bags.jpg"
  },
  {
    "id": 32,
    "name": "Throttle Lock",
    "category": "Accessories",
    "price": 35,
    "imageUrl": "assets/accessories/throttle_lock.jpg"
  },
  {
    "id": 33,
    "name": "Motorcycle Seat Cushion",
    "category": "Comfort",
    "price": 85,
    "imageUrl": "assets/accessories/seat_cushion.jpg"
  },
  {
    "id": 34,
    "name": "Riding Goggles",
    "category": "Eyewear",
    "price": 40,
    "imageUrl": "assets/accessories/riding_goggles.jpg"
  },
  {
    "id": 35,
    "name": "Heavy-Duty Disc Lock",
    "category": "Security",
    "price": 70,
    "imageUrl": "assets/accessories/disc_lock.jpg"
  },
  {
    "id": 36,
    "name": "Motorcycle Dashboard Camera",
    "category": "Electronics",
    "price": 190,
    "imageUrl": "assets/accessories/dashboard_camera.jpg"
  },
  {
    "id": 37,
    "name": "Adventure Touring Gloves",
    "category": "Gloves",
    "price": 90,
    "imageUrl": "assets/accessories/touring_gloves.jpg"
  },
  {
    "id": 38,
    "name": "Sports Riding Pants",
    "category": "Pants",
    "price": 180,
    "imageUrl": "assets/accessories/sports_pants.jpg"
  },
  {
    "id": 39,
    "name": "Motorcycle Lift Stand",
    "category": "Maintenance",
    "price": 160,
    "imageUrl": "assets/accessories/lift_stand.jpg"
  },
  {
    "id": 40,
    "name": "Custom Exhaust System",
    "category": "Performance",
    "price": 500,
    "imageUrl": "assets/accessories/exhaust.jpg"
  }
]
