[
  {
    "id": 1,
    "name": "Yamaha R15",
    "company": "Yamaha",
    "image": "assets/images/yamaha-r15.jpg",
    "description": "A powerful sports bike with advanced features.",
    "price": 180000
  },
  {
    "id": 2,
    "name": "Royal Enfield Classic 350",
    "company": "Royal Enfield",
    "image": "assets/images/classic-350.jpg",
    "description": "A classic ride with a modern touch.",
    "price": 210000
  },
  {
    "id": 3,
    "name": "KTM Duke 390",
    "company": "KTM",
    "image": "assets/images/ktm-duke-390.jpg",
    "description": "A naked streetfighter with an aggressive design.",
    "price": 295000
  },
  {
    "id": 4,
    "name": "Ducati Panigale V4",
    "company": "Ducati",
    "image": "assets/images/ducati-panigale-v4.jpg",
    "description": "A high-performance racing machine with Italian engineering.",
    "price": 2250000
  },
  {
    "id": 5,
    "name": "Honda CBR650R",
    "company": "Honda",
    "image": "assets/images/honda-cbr650r.jpg",
    "description": "A sports tourer with refined performance and design.",
    "price": 950000
  },
  {
    "id": 6,
    "name": "Kawasaki Ninja 650",
    "company": "Kawasaki",
    "image": "assets/images/kawasaki-ninja-650.jpg",
    "description": "A middleweight sportbike with smooth power delivery.",
    "price": 780000
  },
  {
    "id": 7,
    "name": "Suzuki Hayabusa",
    "company": "Suzuki",
    "image": "assets/images/suzuki-hayabusa.jpg",
    "description": "A legendary hyperbike with extreme speed and power.",
    "price": 1680000
  },
  {
    "id": 8,
    "name": "BMW S1000RR",
    "company": "BMW",
    "image": "assets/images/bmw-s1000rr.jpg",
    "description": "A superbike with outstanding performance and electronics.",
    "price": 2400000
  },
  {
    "id": 9,
    "name": "Harley Davidson Iron 883",
    "company": "Harley Davidson",
    "image": "assets/images/harley-iron-883.jpg",
    "description": "An iconic cruiser with raw torque and classic styling.",
    "price": 1150000
  },
  {
    "id": 10,
    "name": "Triumph Street Triple RS",
    "company": "Triumph",
    "image": "assets/images/triumph-street-triple-rs.jpg",
    "description": "A lightweight naked bike with thrilling performance.",
    "price": 1200000
  },
  {
    "id": 11,
    "name": "Kawasaki Z900",
    "company": "Kawasaki",
    "image": "assets/images/kawasaki-z900.jpg",
    "description": "A hyper-naked bike with aggressive styling and power.",
    "price": 920000
  },
  {
    "id": 12,
    "name": "Honda CB350 H’ness",
    "company": "Honda",
    "image": "assets/images/honda-cb350.jpg",
    "description": "A modern classic with a refined 350cc engine.",
    "price": 210000
  },
  {
    "id": 13,
    "name": "Yamaha MT-15",
    "company": "Yamaha",
    "image": "assets/images/yamaha-mt-15.jpg",
    "description": "A lightweight streetfighter with aggressive styling.",
    "price": 170000
  },
  {
    "id": 14,
    "name": "KTM RC 390",
    "company": "KTM",
    "image": "assets/images/ktm-rc-390.jpg",
    "description": "A sharp and aggressive supersport motorcycle.",
    "price": 280000
  },
  {
    "id": 15,
    "name": "Ducati Monster 821",
    "company": "Ducati",
    "image": "assets/images/ducati-monster-821.jpg",
    "description": "A naked bike with Italian design and strong performance.",
    "price": 1080000
  },
  {
    "id": 16,
    "name": "Suzuki GSX-S750",
    "company": "Suzuki",
    "image": "assets/images/suzuki-gsx-s750.jpg",
    "description": "A middleweight streetfighter with smooth power.",
    "price": 875000
  },
  {
    "id": 17,
    "name": "Royal Enfield Himalayan",
    "company": "Royal Enfield",
    "image": "assets/images/re-himalayan.jpg",
    "description": "An adventure bike designed for all terrains.",
    "price": 225000
  },
  {
    "id": 18,
    "name": "Harley Davidson Fat Bob",
    "company": "Harley Davidson",
    "image": "assets/images/harley-fat-bob.jpg",
    "description": "A muscular cruiser with a massive torque output.",
    "price": 1700000
  },
  {
    "id": 19,
    "name": "Aprilia RSV4 1100 Factory",
    "company": "Aprilia",
    "image": "assets/images/aprilia-rsv4.jpg",
    "description": "A race-focused superbike with high-performance electronics.",
    "price": 2500000
  },
  {
    "id": 20,
    "name": "MV Agusta Brutale 800",
    "company": "MV Agusta",
    "image": "assets/images/mv-agusta-brutale.jpg",
    "description": "A stylish and aggressive Italian naked bike.",
    "price": 1900000
  },
  {
    "id": 21,
    "name": "Ducati Diavel 1260",
    "company": "Ducati",
    "image": "assets/images/ducati-diavel-1260.jpg",
    "description": "A power cruiser with breathtaking acceleration.",
    "price": 2100000
  }
]
